<?xml version="1.0" encoding="UTF-8"?>
<project-private xmlns="http://www.netbeans.org/ns/project-private/1">
    <editor-bookmarks xmlns="http://www.netbeans.org/ns/editor-bookmarks/2" lastBookmarkId="0"/>
    <open-files xmlns="http://www.netbeans.org/ns/projectui-open-files/2">
        <group>
            <file>file:/C:/Users/Estudiante2302t/Documents/Proyecto/Proyecto/Belch.pre/src/belch/pre/VentanaPrincipal.java</file>
            <file>file:/C:/Users/Estudiante2302t/Documents/Proyecto/Proyecto/Belch.pre/src/belch/pre/NuevaPlaylist.java</file>
            <file>file:/C:/Users/Estudiante2302t/Documents/Proyecto/Proyecto/Belch.pre/src/belch/pre/ConfiguracionCuenta.java</file>
            <file>file:/C:/Users/Estudiante2302t/Documents/Proyecto/Proyecto/Belch.pre/src/belch/pre/Nosotros.java</file>
        </group>
    </open-files>
</project-private>
